{"cameraMode":{"drawMode":0,"name":"Shaded","section":"Shading Mode"},"sceneLighting":true,"audioPlay":false,"sceneViewState":{"showFog":true,"showMaterialUpdate":false,"showSkybox":true,"showFlares":true,"showImageEffects":true,"showParticleSystems":true,"showVisualEffectGraphs":true,"m_FxEnabled":true},"in2DMode":false,"pivot":{"x":-1.9357174634933472,"y":5.3752641677856449,"z":6.515710830688477},"rotation":{"x":0.07731943577528,"y":-0.005984294693917036,"z":0.00046364497393369675,"w":0.9969834685325623},"size":12.97441577911377,"orthographic":false}